{
    "general uses cases": {
        "x min": 1,
        "x max": 20,
        "u min": 1,
        "u max": 20,
        "z min": 1,
        "z max": 20
    },
    "test conditions": {
        "HARDWARE": "ESP32 240MHz, 320KB RAM, 4MB Flash"
    },
    "current release": {
        "version": "0.0.0",
        "prediction": {
            "fitting score": 0.9997969635831212,
            "cst": 23.53623331120275,
            "x": 5.994469382009721,
            "u": 7.674170148740111,
            "x^2": 1.0078856666047895,
            "xu": 0.6171964190579116,
            "u^2": -0.11746205739868304,
            "x^3": 0.14581327311721348,
            "x^2u": 0.043979371323257244,
            "xu^2": 0.10771886271588293,
            "u^3": 0.0014721420466452528,
            "average in general uses cases": 893.6589348741876
        },
        "update": {
            "fitting score": 0.998802843584444,
            "cst": 83.43897572791343,
            "x": 2.848673449445736,
            "z": -2.08483994180836,
            "x^2": 0.2203637675612823,
            "xz": 1.213059081484904,
            "z^2": 0.6311436171784265,
            "x^3": -0.0029385505173076254,
            "x^2z": 0.1449253024690157,
            "xz^2": 0.14699109972227425,
            "z^3": 0.03182880831279622,
            "average in general uses cases": 835.6538948031072
        },
        "alloc": {
            "fitting score": 0.9980155887888836,
            "cst": 704.161542052615,
            "x": 13.641470199995233,
            "u": -0.5020312449227327,
            "z": 27.305897001287672,
            "x^2": 9.805548033447963,
            "xu": 5.975011153559198,
            "xz": 11.497094836612323,
            "u^2": 2.3676343779330047,
            "uz": 0.160828256865984,
            "z^2": 10.077445915265695,
            "average in general uses cases": 6195.373412169696
        }
    },
    "best release": {
        "version": "0.0.0",
        "prediction": {
            "fitting score": 0.9997969635831212,
            "cst": 23.53623331120275,
            "x": 5.994469382009721,
            "u": 7.674170148740111,
            "x^2": 1.0078856666047895,
            "xu": 0.6171964190579116,
            "u^2": -0.11746205739868304,
            "x^3": 0.14581327311721348,
            "x^2u": 0.043979371323257244,
            "xu^2": 0.10771886271588293,
            "u^3": 0.0014721420466452528,
            "average in general uses cases": 893.6589348741876
        },
        "update": {
            "fitting score": 0.998802843584444,
            "cst": 83.43897572791343,
            "x": 2.848673449445736,
            "z": -2.08483994180836,
            "x^2": 0.2203637675612823,
            "xz": 1.213059081484904,
            "z^2": 0.6311436171784265,
            "x^3": -0.0029385505173076254,
            "x^2z": 0.1449253024690157,
            "xz^2": 0.14699109972227425,
            "z^3": 0.03182880831279622,
            "average in general uses cases": 835.6538948031072
        },
        "alloc": {
            "fitting score": 0.9980155887888836,
            "cst": 704.161542052615,
            "x": 13.641470199995233,
            "u": -0.5020312449227327,
            "z": 27.305897001287672,
            "x^2": 9.805548033447963,
            "xu": 5.975011153559198,
            "xz": 11.497094836612323,
            "u^2": 2.3676343779330047,
            "uz": 0.160828256865984,
            "z^2": 10.077445915265695,
            "average in general uses cases": 6195.373412169696
        }
    }
}