{
    "general uses cases": {
        "x min": 1,
        "x max": 20,
        "u min": 1,
        "u max": 20,
        "z min": 1,
        "z max": 20
    },
    "test conditions": {
        "HARDWARE": "ESP32 240MHz, 320KB RAM, 4MB Flash"
    },
    "current release": {
        "version": "0.0.0",
        "prediction": {
            "fitting score": 0.9996661077202972,
            "cst": 13.192242989763372,
            "x": 12.360557681088308,
            "u": 6.838581018964944,
            "x^2": 0.4722867093152707,
            "xu": 0.4853664713283906,
            "u^2": -0.05410797126662137,
            "x^3": 0.1570124326129423,
            "x^2u": 0.05126045832460524,
            "xu^2": 0.10720188329519553,
            "u^3": 0.000816013797622972,
            "average in general uses cases": 892.7418662263905
        },
        "update": {
            "fitting score": 0.9973320613886656,
            "cst": 72.32826862820968,
            "x": 6.808885238480769,
            "z": 0.11480380651906803,
            "x^2": -0.11319234253010557,
            "xz": 1.1416605843640832,
            "z^2": 0.45393875183929233,
            "x^3": 0.004548371736551982,
            "x^2z": 0.14479685202984882,
            "xz^2": 0.15214858328508618,
            "z^3": 0.03515696532321577,
            "average in general uses cases": 839.8519222482034
        },
        "alloc": {
            "fitting score": 0.9980155887888836,
            "cst": 721.161542052615,
            "x": 13.641470199995233,
            "u": -0.5020312449227327,
            "z": 27.305897001287672,
            "x^2": 9.805548033447963,
            "xu": 5.975011153559198,
            "xz": 11.497094836612323,
            "u^2": 2.3676343779330047,
            "uz": 0.160828256865984,
            "z^2": 10.077445915265695,
            "average in general uses cases": 55756.099709766204
        }
    },
    "best release": {
        "version": "0.0.0",
        "prediction": {
            "fitting score": 0.9996661077202972,
            "cst": 13.192242989763372,
            "x": 12.360557681088308,
            "u": 6.838581018964944,
            "x^2": 0.4722867093152707,
            "xu": 0.4853664713283906,
            "u^2": -0.05410797126662137,
            "x^3": 0.1570124326129423,
            "x^2u": 0.05126045832460524,
            "xu^2": 0.10720188329519553,
            "u^3": 0.000816013797622972,
            "average in general uses cases": 892.7418662263905
        },
        "update": {
            "fitting score": 0.9973320613886656,
            "cst": 72.32826862820968,
            "x": 6.808885238480769,
            "z": 0.11480380651906803,
            "x^2": -0.11319234253010557,
            "xz": 1.1416605843640832,
            "z^2": 0.45393875183929233,
            "x^3": 0.004548371736551982,
            "x^2z": 0.14479685202984882,
            "xz^2": 0.15214858328508618,
            "z^3": 0.03515696532321577,
            "average in general uses cases": 839.8519222482034
        },
        "alloc": {
            "fitting score": 0.9980155887888836,
            "cst": 721.161542052615,
            "x": 13.641470199995233,
            "u": -0.5020312449227327,
            "z": 27.305897001287672,
            "x^2": 9.805548033447963,
            "xu": 5.975011153559198,
            "xz": 11.497094836612323,
            "u^2": 2.3676343779330047,
            "uz": 0.160828256865984,
            "z^2": 10.077445915265695,
            "average in general uses cases": 55756.099709766204
        }
    }
}