{
    "general uses cases": {
        "x min": 1,
        "x max": 20,
        "u min": 1,
        "u max": 20,
        "z min": 1,
        "z max": 20
    },
    "test conditions": {
        "HARDWARE": "ESP32 240MHz, 320KB RAM, 4MB Flash"
    },
    "best release": {
        "version": "0.0.0",
        "prediction": {
            "fitting score": 0.9981665470545149,
            "cst": 33.630034387209434,
            "x": 7.374927623190917,
            "u": 1.8995670739127057,
            "x^2": 0.8083346233847469,
            "xu": 0.7528572426730692,
            "u^2": 0.19327421399199224,
            "x^3": 0.1501889382631887,
            "x^2u": 0.04331644085500752,
            "xu^2": 0.10617441996661237,
            "u^3": -0.0026303168102472796,
            "average in general uses cases": 885.4964177911676
        },
        "update": {
            "fitting score": 0.9993749005696857,
            "cst": 68.10683466015689,
            "x": 3.7756801677146066,
            "z": -1.024532969759598,
            "x^2": 0.17305677238385203,
            "xz": 1.0128583578826296,
            "z^2": 0.5549559783704187,
            "x^3": -0.002801262137491989,
            "x^2z": 0.14904664414884283,
            "xz^2": 0.15354302706354617,
            "z^3": 0.03305891256817084,
            "average in general uses cases": 820.3917693184022
        },
        "alloc": {
            "fitting score": 0.9977128327849644,
            "cst": 705.161542052615,
            "x": 13.641470199994947,
            "u": -0.5020312449227707,
            "z": 25.305897001287153,
            "x^2": 9.805548033447977,
            "xu": 5.975011153559199,
            "xz": 11.497094836612337,
            "u^2": 2.3676343779330082,
            "uz": 0.16082825686599556,
            "z^2": 8.077445915265713,
            "average in general uses cases": 51248.93304309955
        }
    },
    "current release": {
        "version": "0.0.0",
        "prediction": {
            "fitting score": 0.9981665470545149,
            "cst": 33.630034387209434,
            "x": 7.374927623190917,
            "u": 1.8995670739127057,
            "x^2": 0.8083346233847469,
            "xu": 0.7528572426730692,
            "u^2": 0.19327421399199224,
            "x^3": 0.1501889382631887,
            "x^2u": 0.04331644085500752,
            "xu^2": 0.10617441996661237,
            "u^3": -0.0026303168102472796,
            "average in general uses cases": 885.4964177911676
        },
        "update": {
            "fitting score": 0.9993749005696857,
            "cst": 68.10683466015689,
            "x": 3.7756801677146066,
            "z": -1.024532969759598,
            "x^2": 0.17305677238385203,
            "xz": 1.0128583578826296,
            "z^2": 0.5549559783704187,
            "x^3": -0.002801262137491989,
            "x^2z": 0.14904664414884283,
            "xz^2": 0.15354302706354617,
            "z^3": 0.03305891256817084,
            "average in general uses cases": 820.3917693184022
        },
        "alloc": {
            "fitting score": 0.9977128327849644,
            "cst": 705.161542052615,
            "x": 13.641470199994947,
            "u": -0.5020312449227707,
            "z": 25.305897001287153,
            "x^2": 9.805548033447977,
            "xu": 5.975011153559199,
            "xz": 11.497094836612337,
            "u^2": 2.3676343779330082,
            "uz": 0.16082825686599556,
            "z^2": 8.077445915265713,
            "average in general uses cases": 51248.93304309955
        }
    }
}